Timestamp,Emitter_State,IR_Status,Sensor_Array,Target_Angle,Motor_State,Laser_State,Loop_Us
1.674,OFF,NONE,000000,0.00,OFF,OFF,31740
1.926,OFF,NONE,000000,0.00,OFF,OFF,31704
2.178,OFF,NONE,000000,0.00,OFF,OFF,31720
2.428,OFF,NONE,000000,0.00,OFF,OFF,31708
2.679,OFF,NONE,000000,0.00,OFF,OFF,31728
2.931,OFF,NONE,000000,0.00,OFF,OFF,31732
3.182,OFF,NONE,000000,0.00,OFF,OFF,31736
3.433,OFF,NONE,000000,0.00,OFF,OFF,31716
3.684,OFF,NONE,000000,0.00,OFF,OFF,31736
3.936,OFF,NONE,000000,0.00,OFF,OFF,31716
4.188,OFF,NONE,000000,0.00,OFF,OFF,31712
4.439,OFF,NONE,000000,0.00,OFF,OFF,31708
4.69,OFF,NONE,000000,0.00,OFF,OFF,31704
4.942,OFF,NONE,000000,0.00,OFF,OFF,31708
5.194,OFF,NONE,000000,0.00,OFF,OFF,31748
5.445,OFF,NONE,000000,0.00,OFF,OFF,31708
5.696,OFF,NONE,000000,0.00,OFF,OFF,31724
5.946,OFF,NONE,000000,0.00,OFF,OFF,31744
6.197,OFF,NONE,000000,0.00,OFF,OFF,31748
6.448,OFF,NONE,000000,0.00,OFF,OFF,31724
6.698,ON,DETECTED,001000,120.00,ON,ON,33980
6.95,ON,DETECTED,001000,120.00,ON,ON,34012
7.202,ON,DETECTED,001100,150.00,ON,ON,34020
7.454,ON,DETECTED,000100,180.00,ON,ON,34008
7.704,ON,DETECTED,000100,180.00,OFF,OFF,33996
7.954,ON,DETECTED,000110,-150.00,OFF,OFF,35052
8.204,ON,DETECTED,000010,-120.00,OFF,OFF,35040
8.454,ON,DETECTED,000010,-120.00,OFF,OFF,35024
8.704,ON,DETECTED,000010,-120.00,OFF,OFF,35028
8.955,ON,DETECTED,000010,-120.00,OFF,OFF,35024
9.205,ON,DETECTED,000011,-90.00,OFF,OFF,34012
9.455,ON,DETECTED,000011,-90.00,OFF,OFF,33984
9.706,ON,DETECTED,000011,-90.00,OFF,OFF,33988
9.958,ON,DETECTED,000001,-60.00,OFF,OFF,33992
10.209,ON,DETECTED,000001,-60.00,OFF,OFF,34008
10.46,ON,DETECTED,000001,-60.00,OFF,OFF,34024
10.711,ON,DETECTED,000001,-60.00,OFF,OFF,34008
10.962,ON,DETECTED,000001,-60.00,OFF,OFF,33988
11.213,ON,DETECTED,000001,-60.00,OFF,OFF,33996
11.464,ON,DETECTED,000001,-60.00,OFF,OFF,33980
11.716,OFF,NONE,000000,0.00,OFF,OFF,31736
11.968,OFF,NONE,000000,0.00,OFF,OFF,31744
12.219,OFF,NONE,000000,0.00,OFF,OFF,31748
12.47,OFF,NONE,000000,0.00,OFF,OFF,31752
12.721,OFF,NONE,000000,0.00,OFF,OFF,31752
12.972,OFF,NONE,000000,0.00,OFF,OFF,31708
13.223,OFF,NONE,000000,0.00,OFF,OFF,31704
13.473,OFF,NONE,000000,0.00,OFF,OFF,31728
13.723,OFF,NONE,000000,0.00,OFF,OFF,31736
13.973,OFF,NONE,000000,0.00,OFF,OFF,31732
14.225,OFF,NONE,000000,0.00,OFF,OFF,31716
14.475,OFF,NONE,000000,0.00,OFF,OFF,31712
14.727,OFF,NONE,000000,0.00,OFF,OFF,31728
14.979,OFF,NONE,000000,0.00,OFF,OFF,31720
15.23,OFF,NONE,000000,0.00,OFF,OFF,31728
15.481,OFF,NONE,000000,0.00,OFF,OFF,31720
15.731,OFF,NONE,000000,0.00,OFF,OFF,31728
15.983,OFF,NONE,000000,0.00,OFF,OFF,31732
16.235,OFF,NONE,000000,0.00,OFF,OFF,31720
16.487,OFF,NONE,000000,0.00,OFF,OFF,31708
16.739,ON,DETECTED,010000,60.00,ON,ON,32952
16.99,ON,DETECTED,010000,60.00,ON,ON,32972
17.241,ON,DETECTED,010000,60.00,ON,ON,32964
17.492,ON,DETECTED,010000,60.00,ON,ON,32948
17.742,ON,DETECTED,001000,120.00,OFF,OFF,34000
17.992,ON,DETECTED,001000,120.00,OFF,OFF,34008
18.243,ON,DETECTED,001100,150.00,OFF,OFF,34024
18.494,ON,DETECTED,000100,180.00,OFF,OFF,33992
18.745,ON,DETECTED,000100,180.00,OFF,OFF,34016
18.995,ON,DETECTED,000100,180.00,OFF,OFF,34012
19.245,ON,DETECTED,000100,180.00,OFF,OFF,33992
19.496,ON,DETECTED,000100,180.00,OFF,OFF,33976
19.747,ON,DETECTED,000100,180.00,OFF,OFF,33984
19.998,ON,DETECTED,000100,180.00,OFF,OFF,34008
20.25,ON,DETECTED,000100,180.00,OFF,OFF,34024
20.5,ON,DETECTED,000100,180.00,OFF,OFF,34016
20.75,ON,DETECTED,000100,180.00,OFF,OFF,33980
21.001,ON,DETECTED,000100,180.00,OFF,OFF,33980
21.252,ON,DETECTED,000100,180.00,OFF,OFF,33984
21.503,ON,DETECTED,000100,180.00,OFF,OFF,33988
21.754,OFF,NONE,000000,0.00,OFF,OFF,31752
22.004,OFF,NONE,000000,0.00,OFF,OFF,31724
22.255,OFF,NONE,000000,0.00,OFF,OFF,31724
22.506,OFF,NONE,000000,0.00,OFF,OFF,31708
22.757,OFF,NONE,000000,0.00,OFF,OFF,31736
23.008,OFF,NONE,000000,0.00,OFF,OFF,31736
23.259,OFF,NONE,000000,0.00,OFF,OFF,31728
23.509,OFF,NONE,000000,0.00,OFF,OFF,31732
23.76,OFF,NONE,000000,0.00,OFF,OFF,31720
24.01,OFF,NONE,000000,0.00,OFF,OFF,31752
24.261,OFF,NONE,000000,0.00,OFF,OFF,31724
24.511,OFF,NONE,000000,0.00,OFF,OFF,31720
24.763,OFF,NONE,000000,0.00,OFF,OFF,31744
25.014,OFF,NONE,000000,0.00,OFF,OFF,31732
25.265,OFF,NONE,000000,0.00,OFF,OFF,31716
25.516,OFF,NONE,000000,0.00,OFF,OFF,31712
25.767,OFF,NONE,000000,0.00,OFF,OFF,31744
26.018,OFF,NONE,000000,0.00,OFF,OFF,31720
26.269,OFF,NONE,000000,0.00,OFF,OFF,31740
26.52,OFF,NONE,000000,0.00,OFF,OFF,31740
26.771,ON,DETECTED,000001,-60.00,ON,ON,33996
27.022,ON,DETECTED,000001,-60.00,ON,ON,33992
27.273,ON,DETECTED,100001,-30.00,ON,ON,34020
27.524,ON,DETECTED,100000,0.00,ON,ON,31940
27.776,ON,DETECTED,100000,0.00,OFF,OFF,31920
28.026,ON,DETECTED,010000,60.00,OFF,OFF,32940
28.278,ON,DETECTED,010000,60.00,OFF,OFF,32948
28.53,ON,DETECTED,010000,60.00,OFF,OFF,32980
28.781,ON,DETECTED,011000,90.00,OFF,OFF,32952
29.032,ON,DETECTED,011000,90.00,OFF,OFF,32956
29.282,ON,DETECTED,001000,120.00,OFF,OFF,33980
29.533,ON,DETECTED,001000,120.00,OFF,OFF,34008
29.785,ON,DETECTED,001000,120.00,OFF,OFF,34024
30.036,ON,DETECTED,001000,120.00,OFF,OFF,33996
30.286,ON,DETECTED,001000,120.00,OFF,OFF,33996
30.538,ON,DETECTED,001000,120.00,OFF,OFF,34012
30.789,ON,DETECTED,001000,120.00,OFF,OFF,34016
31.039,ON,DETECTED,001000,120.00,OFF,OFF,34016
31.289,ON,DETECTED,001000,120.00,OFF,OFF,33976
31.54,ON,DETECTED,001000,120.00,OFF,OFF,33992
31.791,OFF,NONE,000000,0.00,OFF,OFF,31712
32.043,OFF,NONE,000000,0.00,OFF,OFF,31724
32.294,OFF,NONE,000000,0.00,OFF,OFF,31752
32.544,OFF,NONE,000000,0.00,OFF,OFF,31748
32.794,OFF,NONE,000000,0.00,OFF,OFF,31716
33.045,OFF,NONE,000000,0.00,OFF,OFF,31732
33.296,OFF,NONE,000000,0.00,OFF,OFF,31716
33.546,OFF,NONE,000000,0.00,OFF,OFF,31740
33.797,OFF,NONE,000000,0.00,OFF,OFF,31736
34.048,OFF,NONE,000000,0.00,OFF,OFF,31724
34.299,OFF,NONE,000000,0.00,OFF,OFF,31744
34.551,OFF,NONE,000000,0.00,OFF,OFF,31724
34.802,OFF,NONE,000000,0.00,OFF,OFF,31720
35.052,OFF,NONE,000000,0.00,OFF,OFF,31736
35.303,OFF,NONE,000000,0.00,OFF,OFF,31720
35.554,OFF,NONE,000000,0.00,OFF,OFF,31740
35.806,OFF,NONE,000000,0.00,OFF,OFF,31732
36.057,OFF,NONE,000000,0.00,OFF,OFF,31732
36.308,OFF,NONE,000000,0.00,OFF,OFF,31752
36.559,OFF,NONE,000000,0.00,OFF,OFF,31724
