Timestamp,Emitter_State,IR_Status,Motor_State,Laser_State
0.001,ON,DETECTED,ON,ON
0.001,ON,DETECTED,ON,ON
0.002,ON,DETECTED,ON,ON
0.002,ON,DETECTED,ON,ON
0.003,ON,DETECTED,ON,ON
0.003,ON,DETECTED,ON,ON
0.004,ON,DETECTED,ON,ON
0.004,ON,DETECTED,ON,ON
0.004,ON,DETECTED,ON,ON
0.005,ON,DETECTED,ON,ON
0.005,ON,DETECTED,ON,ON
0.006,ON,DETECTED,ON,ON
0.006,ON,DETECTED,ON,ON
0.006,ON,DETECTED,ON,ON
0.007,ON,DETECTED,ON,ON
0.007,ON,DETECTED,ON,ON
0.007,ON,DETECTED,ON,ON
0.007,ON,DETECTED,ON,ON
0.008,ON,DETECTED,ON,ON
0.008,ON,DETECTED,ON,ON
0.008,ON,DETECTED,ON,ON
0.009,ON,DETECTED,ON,ON
0.009,ON,DETECTED,ON,ON
0.009,ON,DETECTED,ON,ON
0.01,ON,DETECTED,ON,ON
0.01,ON,DETECTED,ON,ON
0.01,ON,DETECTED,ON,ON
0.01,ON,DETECTED,ON,ON
0.011,ON,DETECTED,ON,ON
0.011,ON,DETECTED,ON,ON
0.011,ON,DETECTED,ON,ON
0.012,ON,DETECTED,ON,ON
0.012,ON,DETECTED,ON,ON
0.012,ON,DETECTED,ON,ON
0.012,ON,DETECTED,ON,ON
0.013,ON,DETECTED,ON,ON
0.013,ON,DETECTED,ON,ON
0.013,ON,DETECTED,ON,ON
0.014,ON,DETECTED,ON,ON
0.014,ON,DETECTED,ON,ON
0.014,ON,DETECTED,ON,ON
0.014,ON,DETECTED,ON,ON
0.015,ON,DETECTED,ON,ON
0.015,ON,DETECTED,ON,ON
0.015,ON,DETECTED,ON,ON
0.016,ON,DETECTED,ON,ON
0.016,ON,DETECTED,ON,ON
0.016,ON,DETECTED,ON,ON
0.016,ON,DETECTED,ON,ON
0.017,ON,DETECTED,ON,ON
0.017,ON,DETECTED,ON,ON
0.017,ON,DETECTED,ON,ON
0.018,ON,DETECTED,ON,ON
0.018,ON,DETECTED,ON,ON
0.018,ON,DETECTED,ON,ON
0.018,ON,DETECTED,ON,ON
0.019,ON,DETECTED,ON,ON
0.019,ON,DETECTED,ON,ON
0.019,ON,DETECTED,ON,ON
0.02,ON,DETECTED,ON,ON
0.02,ON,DETECTED,ON,ON
0.02,ON,DETECTED,ON,ON
0.021,ON,DETECTED,ON,ON
0.021,ON,DETECTED,ON,ON
0.021,ON,DETECTED,ON,ON
0.021,ON,DETECTED,ON,ON
0.022,ON,DETECTED,ON,ON
0.022,ON,DETECTED,ON,ON
0.022,ON,DETECTED,ON,ON
0.023,ON,DETECTED,ON,ON
0.023,ON,DETECTED,ON,ON
0.023,ON,DETECTED,ON,ON
0.023,ON,DETECTED,ON,ON
0.024,ON,DETECTED,ON,ON
0.024,ON,DETECTED,ON,ON
0.024,ON,DETECTED,ON,ON
0.025,ON,DETECTED,ON,ON
0.025,ON,DETECTED,ON,ON
0.025,ON,DETECTED,ON,ON
0.025,ON,DETECTED,ON,ON
0.026,ON,DETECTED,ON,ON
0.026,ON,DETECTED,ON,ON
0.026,ON,DETECTED,ON,ON
0.027,ON,DETECTED,ON,ON
0.027,ON,DETECTED,ON,ON
0.027,ON,DETECTED,ON,ON
0.027,ON,DETECTED,ON,ON
0.028,ON,DETECTED,ON,ON
0.028,ON,DETECTED,ON,ON
0.028,ON,DETECTED,ON,ON
0.029,ON,DETECTED,ON,ON
0.029,ON,DETECTED,ON,ON
0.029,ON,DETECTED,ON,ON
0.03,ON,DETECTED,ON,ON
0.03,ON,DETECTED,ON,ON
0.03,ON,DETECTED,ON,ON
0.03,ON,DETECTED,ON,ON
0.031,ON,DETECTED,ON,ON
0.031,ON,DETECTED,ON,ON
0.031,ON,DETECTED,ON,ON
0.032,ON,DETECTED,ON,ON
0.032,ON,DETECTED,ON,ON
0.032,ON,DETECTED,ON,ON
0.032,ON,DETECTED,ON,ON
0.033,ON,DETECTED,ON,ON
0.033,ON,DETECTED,ON,ON
0.033,ON,DETECTED,ON,ON
0.034,ON,DETECTED,ON,ON
0.034,ON,DETECTED,ON,ON
0.034,ON,DETECTED,ON,ON
0.034,ON,DETECTED,ON,ON
0.035,ON,DETECTED,ON,ON
0.035,ON,DETECTED,ON,ON
0.035,ON,DETECTED,ON,ON
0.036,ON,DETECTED,ON,ON
0.036,ON,DETECTED,ON,ON
0.036,ON,DETECTED,ON,ON
0.036,ON,DETECTED,ON,ON
0.037,ON,DETECTED,ON,ON
0.037,ON,DETECTED,ON,ON
0.037,ON,DETECTED,ON,ON
0.038,ON,DETECTED,ON,ON
0.038,ON,DETECTED,ON,ON
0.038,ON,DETECTED,ON,ON
0.039,ON,DETECTED,ON,ON
0.039,ON,DETECTED,ON,ON
0.039,ON,DETECTED,ON,ON
0.039,ON,DETECTED,ON,ON
0.04,ON,DETECTED,ON,ON
0.04,ON,DETECTED,ON,ON
0.04,ON,DETECTED,ON,ON
0.041,ON,DETECTED,ON,ON
0.041,ON,DETECTED,ON,ON
0.041,ON,DETECTED,ON,ON
0.041,ON,DETECTED,ON,ON
0.042,ON,DETECTED,ON,ON
0.042,ON,DETECTED,ON,ON
0.042,ON,DETECTED,ON,ON
0.043,ON,DETECTED,ON,ON
0.043,ON,DETECTED,ON,ON
0.043,ON,DETECTED,ON,ON
0.043,ON,DETECTED,ON,ON
0.044,ON,DETECTED,ON,ON
0.044,ON,DETECTED,ON,ON
0.044,ON,DETECTED,ON,ON
0.045,ON,DETECTED,ON,ON
0.045,ON,DETECTED,ON,ON
0.045,ON,DETECTED,ON,ON
0.046,ON,DETECTED,ON,ON
0.046,ON,DETECTED,ON,ON
0.046,ON,DETECTED,ON,ON
0.046,ON,DETECTED,ON,ON
0.047,ON,DETECTED,ON,ON
0.047,ON,DETECTED,ON,ON
0.047,ON,DETECTED,ON,ON
0.048,ON,DETECTED,ON,ON
0.048,ON,DETECTED,ON,ON
0.048,ON,DETECTED,ON,ON
0.048,ON,DETECTED,ON,ON
0.049,ON,DETECTED,ON,ON
0.049,ON,DETECTED,ON,ON
0.049,ON,DETECTED,ON,ON
0.05,ON,DETECTED,ON,ON
0.05,ON,DETECTED,ON,ON
0.05,ON,DETECTED,ON,ON
0.05,ON,DETECTED,ON,ON
0.051,ON,DETECTED,ON,ON
0.051,ON,DETECTED,ON,ON
0.051,ON,DETECTED,ON,ON
0.052,ON,DETECTED,ON,ON
0.052,ON,DETECTED,ON,ON
0.052,ON,DETECTED,ON,ON
0.053,ON,DETECTED,ON,ON
0.053,ON,DETECTED,ON,ON
0.053,ON,DETECTED,ON,ON
0.053,ON,DETECTED,ON,ON
0.054,ON,DETECTED,ON,ON
0.054,ON,DETECTED,ON,ON
0.054,ON,DETECTED,ON,ON
0.054,ON,DETECTED,ON,ON
0.055,ON,DETECTED,ON,ON
0.055,ON,DETECTED,ON,ON
0.055,ON,DETECTED,ON,ON
0.056,ON,DETECTED,ON,ON
0.056,ON,DETECTED,ON,ON
0.056,ON,DETECTED,ON,ON
0.056,ON,DETECTED,ON,ON
0.057,ON,DETECTED,ON,ON
0.057,ON,DETECTED,ON,ON
0.057,ON,DETECTED,ON,ON
0.058,ON,DETECTED,ON,ON
0.058,ON,DETECTED,ON,ON
0.058,ON,DETECTED,ON,ON
0.058,ON,DETECTED,ON,ON
0.059,ON,DETECTED,ON,ON
0.059,ON,DETECTED,ON,ON
0.059,ON,DETECTED,ON,ON
0.059,ON,DETECTED,ON,ON
0.06,ON,DETECTED,ON,ON
0.06,ON,DETECTED,ON,ON
0.06,ON,DETECTED,ON,ON
0.061,ON,DETECTED,ON,ON
0.061,ON,DETECTED,ON,ON
0.061,ON,DETECTED,ON,ON
0.061,ON,DETECTED,ON,ON
0.062,ON,DETECTED,ON,ON
0.062,ON,DETECTED,ON,ON
0.062,ON,DETECTED,ON,ON
0.063,ON,DETECTED,ON,ON
0.063,ON,DETECTED,ON,ON
0.063,ON,DETECTED,ON,ON
0.063,ON,DETECTED,ON,ON
0.064,ON,DETECTED,ON,ON
0.064,ON,DETECTED,ON,ON
0.064,ON,DETECTED,ON,ON
0.064,ON,DETECTED,ON,ON
0.065,ON,DETECTED,ON,ON
0.065,ON,DETECTED,ON,ON
0.065,ON,DETECTED,ON,ON
0.066,ON,DETECTED,ON,ON
0.066,ON,DETECTED,ON,ON
0.066,ON,DETECTED,ON,ON
0.066,ON,DETECTED,ON,ON
0.067,ON,DETECTED,ON,ON
0.067,ON,DETECTED,ON,ON
0.067,ON,DETECTED,ON,ON
0.068,ON,DETECTED,ON,ON
0.068,ON,DETECTED,ON,ON
0.068,ON,DETECTED,ON,ON
0.068,ON,DETECTED,ON,ON
0.068,ON,DETECTED,ON,ON
0.069,ON,DETECTED,ON,ON
0.069,ON,DETECTED,ON,ON
0.069,ON,DETECTED,ON,ON
0.069,ON,DETECTED,ON,ON
0.069,ON,DETECTED,ON,ON
0.07,ON,DETECTED,ON,ON
0.07,ON,DETECTED,ON,ON
0.07,ON,DETECTED,ON,ON
0.07,ON,DETECTED,ON,ON
0.07,ON,DETECTED,ON,ON
0.071,ON,DETECTED,ON,ON
0.071,ON,DETECTED,ON,ON
0.071,ON,DETECTED,ON,ON
0.071,ON,DETECTED,ON,ON
0.071,ON,DETECTED,ON,ON
0.072,ON,DETECTED,ON,ON
0.072,ON,DETECTED,ON,ON
0.072,ON,DETECTED,ON,ON
0.072,ON,DETECTED,ON,ON
0.072,ON,DETECTED,ON,ON
0.072,ON,DETECTED,ON,ON
0.073,ON,DETECTED,ON,ON
0.073,ON,DETECTED,ON,ON
0.073,ON,DETECTED,ON,ON
0.073,ON,DETECTED,ON,ON
0.073,ON,DETECTED,ON,ON
0.074,ON,DETECTED,ON,ON
0.074,ON,DETECTED,ON,ON
0.074,ON,DETECTED,ON,ON
0.074,ON,DETECTED,ON,ON
0.074,ON,DETECTED,ON,ON
0.074,ON,DETECTED,ON,ON
0.075,ON,DETECTED,ON,ON
0.075,ON,DETECTED,ON,ON
0.075,ON,DETECTED,ON,ON
0.075,ON,DETECTED,ON,ON
0.075,ON,DETECTED,ON,ON
0.076,ON,DETECTED,ON,ON
0.076,ON,DETECTED,ON,ON
0.076,ON,DETECTED,ON,ON
0.076,ON,DETECTED,ON,ON
0.076,ON,DETECTED,ON,ON
0.076,ON,DETECTED,ON,ON
0.077,ON,DETECTED,ON,ON
0.077,ON,DETECTED,ON,ON
0.077,ON,DETECTED,ON,ON
0.077,ON,DETECTED,ON,ON
0.077,ON,DETECTED,ON,ON
0.077,ON,DETECTED,ON,ON
0.078,ON,DETECTED,ON,ON
0.078,ON,DETECTED,ON,ON
0.078,ON,DETECTED,ON,ON
0.078,ON,DETECTED,ON,ON
0.078,ON,DETECTED,ON,ON
0.078,ON,DETECTED,ON,ON
0.079,ON,DETECTED,ON,ON
0.079,ON,DETECTED,ON,ON
0.079,ON,DETECTED,ON,ON
0.079,ON,DETECTED,ON,ON
0.079,ON,DETECTED,ON,ON
0.079,ON,DETECTED,ON,ON
0.08,ON,DETECTED,ON,ON
0.08,ON,DETECTED,ON,ON
0.08,ON,DETECTED,ON,ON
0.08,ON,DETECTED,ON,ON
0.08,ON,DETECTED,ON,ON
0.081,ON,DETECTED,ON,ON
0.081,ON,DETECTED,ON,ON
0.081,ON,DETECTED,ON,ON
0.081,ON,DETECTED,ON,ON
0.081,ON,DETECTED,ON,ON
0.081,ON,DETECTED,ON,ON
0.082,ON,DETECTED,ON,ON
0.082,ON,DETECTED,ON,ON
0.082,ON,DETECTED,ON,ON
0.082,ON,DETECTED,ON,ON
0.082,ON,DETECTED,ON,ON
0.082,ON,DETECTED,ON,ON
0.083,ON,DETECTED,ON,ON
0.083,ON,DETECTED,ON,ON
0.083,ON,DETECTED,ON,ON
0.083,ON,DETECTED,ON,ON
0.083,ON,DETECTED,ON,ON
0.083,ON,DETECTED,ON,ON
0.084,ON,DETECTED,ON,ON
0.084,ON,DETECTED,ON,ON
0.084,ON,DETECTED,ON,ON
0.084,ON,DETECTED,ON,ON
0.084,ON,DETECTED,ON,ON
0.084,ON,DETECTED,ON,ON
0.085,ON,DETECTED,ON,ON
0.085,ON,DETECTED,ON,ON
0.085,ON,DETECTED,ON,ON
0.085,ON,DETECTED,ON,ON
0.085,ON,DETECTED,ON,ON
0.086,ON,DETECTED,ON,ON
0.086,ON,DETECTED,ON,ON
0.086,ON,DETECTED,ON,ON
0.086,ON,DETECTED,ON,ON
0.086,ON,DETECTED,ON,ON
0.086,ON,DETECTED,ON,ON
0.087,ON,DETECTED,ON,ON
0.087,ON,DETECTED,ON,ON
0.087,ON,DETECTED,ON,ON
0.087,ON,DETECTED,ON,ON
0.087,ON,DETECTED,ON,ON
0.087,ON,DETECTED,ON,ON
0.088,ON,DETECTED,ON,ON
0.088,ON,DETECTED,ON,ON
0.088,ON,DETECTED,ON,ON
0.088,ON,DETECTED,ON,ON
0.088,ON,DETECTED,ON,ON
0.088,ON,DETECTED,ON,ON
0.089,ON,DETECTED,ON,ON
0.089,ON,DETECTED,ON,ON
0.089,ON,DETECTED,ON,ON
0.089,ON,DETECTED,ON,ON
0.089,ON,DETECTED,ON,ON
0.089,ON,DETECTED,ON,ON
0.09,ON,DETECTED,ON,ON
0.09,ON,DETECTED,ON,ON
0.09,ON,DETECTED,ON,ON
0.09,ON,DETECTED,ON,ON
0.331,ON,DETECTED,ON,ON
0.583,ON,DETECTED,ON,ON
0.835,ON,DETECTED,ON,ON
1.087,ON,DETECTED,ON,ON
1.34,ON,DETECTED,ON,ON
1.592,ON,DETECTED,ON,ON
1.844,ON,DETECTED,ON,ON
2.097,ON,DETECTED,ON,ON
2.349,ON,DETECTED,ON,ON
2.601,ON,DETECTED,ON,ON
2.854,ON,DETECTED,ON,ON
3.106,ON,DETECTED,ON,ON
3.358,ON,DETECTED,ON,ON
3.611,ON,DETECTED,ON,ON
3.863,ON,DETECTED,ON,ON
4.115,ON,DETECTED,ON,ON
4.367,ON,DETECTED,ON,ON
4.619,ON,DETECTED,ON,ON
4.872,ON,DETECTED,ON,ON
5.124,ON,DETECTED,ON,ON
5.376,ON,DETECTED,ON,ON
5.628,ON,DETECTED,ON,ON
5.88,ON,DETECTED,ON,ON
6.132,ON,DETECTED,ON,ON
6.384,ON,DETECTED,ON,ON
6.636,ON,DETECTED,ON,ON
6.889,ON,DETECTED,ON,ON
7.141,ON,DETECTED,ON,ON
7.393,ON,DETECTED,ON,ON
7.646,ON,DETECTED,ON,ON
7.898,ON,DETECTED,ON,ON
8.15,ON,DETECTED,ON,ON
8.403,ON,DETECTED,ON,ON
8.655,ON,DETECTED,ON,ON
8.908,ON,DETECTED,ON,ON
9.16,ON,DETECTED,ON,ON
9.414,ON,DETECTED,ON,ON
9.666,ON,DETECTED,ON,ON
9.919,ON,DETECTED,ON,ON
10.172,ON,DETECTED,ON,ON
10.424,ON,DETECTED,ON,ON
10.677,ON,DETECTED,ON,ON
10.929,ON,DETECTED,ON,ON
11.181,ON,DETECTED,ON,ON
11.434,ON,DETECTED,ON,ON
11.686,ON,DETECTED,ON,ON
11.939,ON,DETECTED,ON,ON
12.191,ON,DETECTED,ON,ON
12.443,ON,DETECTED,ON,ON
12.695,ON,DETECTED,ON,ON
12.948,ON,DETECTED,ON,ON
13.2,ON,DETECTED,ON,ON
13.453,ON,DETECTED,ON,ON
13.705,ON,DETECTED,ON,ON
13.958,ON,DETECTED,ON,ON
14.21,ON,DETECTED,ON,ON
14.462,ON,DETECTED,ON,ON
14.715,ON,DETECTED,ON,ON
14.967,ON,DETECTED,ON,ON
15.219,ON,DETECTED,ON,ON
15.471,ON,DETECTED,ON,ON
15.724,ON,DETECTED,ON,ON
15.976,ON,DETECTED,ON,ON
16.228,ON,DETECTED,ON,ON
16.481,ON,DETECTED,ON,ON
16.733,ON,DETECTED,ON,ON
16.986,ON,DETECTED,ON,ON
17.238,ON,DETECTED,ON,ON
17.49,ON,DETECTED,ON,ON
17.743,ON,DETECTED,ON,ON
17.995,ON,DETECTED,ON,ON
18.248,ON,DETECTED,ON,ON
18.5,ON,DETECTED,ON,ON
18.752,ON,DETECTED,ON,ON
19.004,ON,DETECTED,ON,ON
19.257,ON,DETECTED,ON,ON
19.509,ON,DETECTED,ON,ON
19.761,ON,DETECTED,ON,ON
20.014,ON,DETECTED,ON,ON
20.266,ON,DETECTED,ON,ON
20.519,ON,DETECTED,ON,ON
20.771,ON,DETECTED,ON,ON
21.023,ON,DETECTED,ON,ON
21.276,ON,DETECTED,ON,ON
21.528,ON,DETECTED,ON,ON
21.781,ON,DETECTED,ON,ON
22.033,ON,DETECTED,ON,ON
22.285,ON,DETECTED,ON,ON
22.538,ON,DETECTED,ON,ON
22.79,ON,DETECTED,ON,ON
23.043,ON,DETECTED,ON,ON
23.295,ON,DETECTED,ON,ON
23.548,ON,DETECTED,ON,ON
23.8,ON,DETECTED,ON,ON
24.052,ON,DETECTED,ON,ON
24.305,ON,DETECTED,ON,ON
24.557,ON,DETECTED,ON,ON
24.81,ON,DETECTED,ON,ON
25.062,ON,DETECTED,ON,ON
25.315,ON,DETECTED,ON,ON
25.567,ON,DETECTED,ON,ON
25.819,ON,DETECTED,ON,ON
26.071,ON,DETECTED,ON,ON
26.323,ON,DETECTED,ON,ON
26.576,ON,DETECTED,ON,ON
26.828,ON,DETECTED,ON,ON
27.08,ON,DETECTED,ON,ON
27.333,ON,DETECTED,ON,ON
27.585,ON,DETECTED,ON,ON
27.837,ON,DETECTED,ON,ON
28.089,ON,DETECTED,ON,ON
28.342,ON,DETECTED,ON,ON
28.594,ON,DETECTED,ON,ON
28.846,ON,DETECTED,ON,ON
29.098,ON,DETECTED,ON,ON
29.35,ON,DETECTED,ON,ON
29.603,ON,DETECTED,ON,ON
29.855,ON,DETECTED,ON,ON
30.107,ON,DETECTED,ON,ON
30.36,ON,DETECTED,ON,ON
30.612,ON,DETECTED,ON,ON
30.864,ON,DETECTED,ON,ON
31.116,ON,DETECTED,ON,ON
31.368,ON,DETECTED,ON,ON
31.62,ON,DETECTED,ON,ON
31.872,ON,DETECTED,ON,ON
32.125,ON,DETECTED,ON,ON
32.377,ON,DETECTED,ON,ON
32.629,ON,DETECTED,ON,ON
32.881,ON,DETECTED,ON,ON
33.134,ON,DETECTED,ON,ON
33.386,ON,DETECTED,ON,ON
33.638,ON,DETECTED,ON,ON
33.891,ON,DETECTED,ON,ON
34.143,ON,DETECTED,ON,ON
34.396,ON,DETECTED,ON,ON
34.648,ON,DETECTED,ON,ON
34.9,ON,DETECTED,ON,ON
35.153,ON,DETECTED,ON,ON
35.405,ON,DETECTED,ON,ON
35.658,ON,DETECTED,ON,ON
35.91,ON,DETECTED,ON,ON
36.162,ON,DETECTED,ON,ON
36.415,ON,DETECTED,ON,ON
36.668,ON,DETECTED,ON,ON
36.92,ON,DETECTED,ON,ON
37.172,ON,DETECTED,ON,ON
37.425,ON,DETECTED,ON,ON
37.677,ON,DETECTED,ON,ON
37.929,ON,DETECTED,ON,ON
38.182,ON,DETECTED,ON,ON
38.434,ON,DETECTED,ON,ON
38.686,ON,DETECTED,ON,ON
38.938,ON,DETECTED,ON,ON
39.191,ON,DETECTED,ON,ON
39.443,ON,DETECTED,ON,ON
39.696,ON,DETECTED,ON,ON
39.948,ON,DETECTED,ON,ON
40.2,ON,DETECTED,ON,ON
40.452,ON,DETECTED,ON,ON
40.705,ON,DETECTED,ON,ON
40.957,ON,DETECTED,ON,ON
41.21,ON,DETECTED,ON,ON
41.462,ON,DETECTED,ON,ON
41.715,ON,DETECTED,ON,ON
41.967,ON,DETECTED,ON,ON
42.22,ON,DETECTED,ON,ON
42.472,ON,DETECTED,ON,ON
42.724,ON,DETECTED,ON,ON
42.976,ON,DETECTED,ON,ON
43.229,ON,DETECTED,ON,ON
43.481,ON,DETECTED,ON,ON
43.733,ON,DETECTED,ON,ON
43.986,ON,DETECTED,ON,ON
44.238,ON,DETECTED,ON,ON
44.49,ON,DETECTED,ON,ON
44.743,ON,DETECTED,ON,ON
44.995,ON,DETECTED,ON,ON
45.248,ON,DETECTED,ON,ON
49.004,ON,DETECTED,ON,ON
49.257,ON,DETECTED,ON,ON
49.509,ON,DETECTED,ON,ON
49.761,ON,DETECTED,ON,ON
50.014,ON,DETECTED,ON,ON
50.266,ON,DETECTED,ON,ON
50.518,ON,DETECTED,ON,ON
50.77,ON,DETECTED,ON,ON
51.023,ON,DETECTED,ON,ON
51.274,ON,DETECTED,ON,ON
51.526,ON,DETECTED,ON,ON
51.779,ON,DETECTED,ON,ON
52.031,ON,DETECTED,ON,ON
52.283,ON,DETECTED,ON,ON
52.536,ON,DETECTED,ON,ON
52.788,ON,DETECTED,ON,ON
53.04,ON,DETECTED,ON,ON
53.292,ON,DETECTED,ON,ON
53.544,ON,DETECTED,ON,ON
53.797,ON,DETECTED,ON,ON
54.048,ON,DETECTED,ON,ON
54.301,ON,DETECTED,ON,ON
54.553,ON,DETECTED,ON,ON
54.805,ON,DETECTED,ON,ON
55.057,ON,DETECTED,ON,ON
55.309,ON,DETECTED,ON,ON
55.562,ON,DETECTED,ON,ON
55.814,ON,DETECTED,ON,ON
56.066,ON,DETECTED,ON,ON
56.318,ON,DETECTED,ON,ON
56.57,ON,DETECTED,ON,ON
56.822,ON,DETECTED,ON,ON
57.074,ON,DETECTED,ON,ON
57.326,ON,DETECTED,ON,ON
57.578,ON,DETECTED,ON,ON
57.831,ON,DETECTED,ON,ON
58.083,ON,DETECTED,ON,ON
58.336,ON,DETECTED,ON,ON
58.588,ON,DETECTED,ON,ON
58.84,ON,DETECTED,ON,ON
59.092,ON,DETECTED,ON,ON
59.345,ON,DETECTED,ON,ON
59.597,ON,DETECTED,ON,ON
59.849,ON,DETECTED,ON,ON
60.101,ON,DETECTED,ON,ON
60.354,ON,DETECTED,ON,ON
60.606,ON,DETECTED,ON,ON
60.858,ON,DETECTED,ON,ON
61.111,ON,DETECTED,ON,ON
61.362,ON,DETECTED,ON,ON
61.614,ON,DETECTED,ON,ON
61.866,ON,DETECTED,ON,ON
62.118,ON,DETECTED,ON,ON
62.371,ON,DETECTED,ON,ON
62.622,ON,DETECTED,ON,ON
62.875,ON,DETECTED,ON,ON
63.127,ON,DETECTED,ON,ON
63.379,ON,DETECTED,ON,ON
63.631,ON,DETECTED,ON,ON
63.883,ON,DETECTED,ON,ON
64.135,ON,DETECTED,ON,ON
64.387,ON,DETECTED,ON,ON
64.64,ON,DETECTED,ON,ON
64.892,ON,DETECTED,ON,ON
65.144,ON,DETECTED,ON,ON
65.396,ON,DETECTED,ON,ON
65.648,ON,DETECTED,ON,ON
65.9,ON,DETECTED,ON,ON
66.152,ON,DETECTED,ON,ON
66.404,ON,DETECTED,ON,ON
66.656,ON,DETECTED,ON,ON
66.909,ON,DETECTED,ON,ON
67.16,ON,DETECTED,ON,ON
67.412,ON,DETECTED,ON,ON
67.665,ON,DETECTED,ON,ON
67.917,ON,DETECTED,ON,ON
68.17,ON,DETECTED,ON,ON
68.422,ON,DETECTED,ON,ON
68.675,ON,DETECTED,ON,ON
68.928,ON,DETECTED,ON,ON
69.18,ON,DETECTED,ON,ON
69.433,ON,DETECTED,ON,ON
69.685,ON,DETECTED,ON,ON
69.938,ON,DETECTED,ON,ON
70.19,ON,DETECTED,ON,ON
70.442,ON,DETECTED,ON,ON
70.695,ON,DETECTED,ON,ON
70.947,ON,DETECTED,ON,ON
71.199,ON,DETECTED,ON,ON
71.451,ON,DETECTED,ON,ON
71.703,ON,DETECTED,ON,ON
71.956,ON,DETECTED,ON,ON
72.207,ON,DETECTED,ON,ON
72.459,ON,DETECTED,ON,ON
72.712,ON,DETECTED,ON,ON
72.964,ON,DETECTED,ON,ON
73.216,ON,DETECTED,ON,ON
73.468,ON,DETECTED,ON,ON
73.72,ON,DETECTED,ON,ON
73.972,ON,DETECTED,ON,ON
74.224,ON,DETECTED,ON,ON
74.477,ON,DETECTED,ON,ON
74.729,ON,DETECTED,ON,ON
74.982,ON,DETECTED,ON,ON
75.234,ON,DETECTED,ON,ON
75.486,ON,DETECTED,ON,ON
75.738,ON,DETECTED,ON,ON
75.991,ON,DETECTED,ON,ON
76.243,ON,DETECTED,ON,ON
76.495,ON,DETECTED,ON,ON
76.747,ON,DETECTED,ON,ON
76.999,ON,DETECTED,ON,ON
77.251,ON,DETECTED,ON,ON
77.504,ON,DETECTED,ON,ON
77.756,ON,DETECTED,ON,ON
78.008,ON,DETECTED,ON,ON
78.26,ON,DETECTED,ON,ON
78.512,ON,DETECTED,ON,ON
78.765,ON,DETECTED,ON,ON
79.017,ON,DETECTED,ON,ON
79.269,ON,DETECTED,ON,ON
79.521,ON,DETECTED,ON,ON
79.774,ON,DETECTED,ON,ON
80.026,ON,DETECTED,ON,ON
80.278,ON,DETECTED,ON,ON
80.531,ON,DETECTED,ON,ON
80.783,ON,DETECTED,ON,ON
81.035,ON,DETECTED,ON,ON
81.288,ON,DETECTED,ON,ON
81.54,ON,DETECTED,ON,ON
81.793,ON,DETECTED,ON,ON
82.045,ON,DETECTED,ON,ON
82.297,ON,DETECTED,ON,ON
82.55,ON,DETECTED,ON,ON
82.802,ON,DETECTED,ON,ON
83.054,ON,DETECTED,ON,ON
83.307,ON,DETECTED,ON,ON
83.559,ON,DETECTED,ON,ON
83.812,ON,DETECTED,ON,ON
84.064,ON,DETECTED,ON,ON
84.316,ON,DETECTED,ON,ON
84.569,ON,DETECTED,ON,ON
84.821,ON,DETECTED,ON,ON
85.074,ON,DETECTED,ON,ON
85.326,ON,DETECTED,ON,ON
85.578,ON,DETECTED,ON,ON
85.831,ON,DETECTED,ON,ON
86.085,ON,DETECTED,ON,ON
86.336,ON,DETECTED,ON,ON
86.589,ON,DETECTED,ON,ON
86.841,ON,DETECTED,ON,ON
87.093,ON,DETECTED,ON,ON
87.345,ON,DETECTED,ON,ON
87.597,ON,DETECTED,ON,ON
87.849,ON,DETECTED,ON,ON
88.102,ON,DETECTED,ON,ON
88.354,ON,DETECTED,ON,ON
88.606,ON,DETECTED,ON,ON
88.858,ON,DETECTED,ON,ON
89.109,ON,DETECTED,ON,ON
89.362,ON,DETECTED,ON,ON
89.614,ON,DETECTED,ON,ON
89.866,ON,DETECTED,ON,ON
90.118,ON,DETECTED,ON,ON
90.37,ON,DETECTED,ON,ON
90.622,ON,DETECTED,ON,ON
90.874,ON,DETECTED,ON,ON
91.127,ON,DETECTED,ON,ON
91.38,ON,DETECTED,ON,ON
91.632,ON,DETECTED,ON,ON
91.884,ON,DETECTED,ON,ON
92.136,ON,DETECTED,ON,ON
92.388,ON,DETECTED,ON,ON
92.64,ON,DETECTED,ON,ON
92.892,ON,DETECTED,ON,ON
93.144,ON,DETECTED,ON,ON
93.396,ON,DETECTED,ON,ON
93.648,ON,DETECTED,ON,ON
93.9,ON,DETECTED,ON,ON
94.152,ON,DETECTED,ON,ON
94.404,ON,DETECTED,ON,ON
94.656,ON,DETECTED,ON,ON
94.909,ON,DETECTED,ON,ON
95.161,ON,DETECTED,ON,ON
95.413,ON,DETECTED,ON,ON
95.665,ON,DETECTED,ON,ON
95.917,ON,DETECTED,ON,ON
96.169,ON,DETECTED,ON,ON
96.421,ON,DETECTED,ON,ON
96.674,ON,DETECTED,ON,ON
96.926,ON,DETECTED,ON,ON
97.178,ON,DETECTED,ON,ON
97.43,ON,DETECTED,ON,ON
97.683,ON,DETECTED,ON,ON
97.935,ON,DETECTED,ON,ON
98.187,ON,DETECTED,ON,ON
98.44,ON,DETECTED,ON,ON
98.692,ON,DETECTED,ON,ON
98.944,ON,DETECTED,ON,ON
99.196,ON,DETECTED,ON,ON
99.448,ON,DETECTED,ON,ON
99.701,ON,DETECTED,ON,ON
99.953,ON,DETECTED,ON,ON
100.204,ON,DETECTED,ON,ON
100.457,ON,DETECTED,ON,ON
100.709,ON,DETECTED,ON,ON
100.961,ON,DETECTED,ON,ON
101.213,ON,DETECTED,ON,ON
101.465,ON,DETECTED,ON,ON
101.717,ON,DETECTED,ON,ON
101.97,ON,DETECTED,ON,ON
102.222,ON,DETECTED,ON,ON
102.474,ON,DETECTED,ON,ON
102.726,ON,DETECTED,ON,ON
102.979,ON,DETECTED,ON,ON
103.231,ON,DETECTED,ON,ON
103.483,ON,DETECTED,ON,ON
103.735,ON,DETECTED,ON,ON
103.987,ON,DETECTED,ON,ON
104.239,ON,DETECTED,ON,ON
104.492,ON,DETECTED,ON,ON
104.744,ON,DETECTED,ON,ON
104.996,ON,DETECTED,ON,ON
105.248,ON,DETECTED,ON,ON
105.5,ON,DETECTED,ON,ON
105.753,ON,DETECTED,ON,ON
106.005,ON,DETECTED,ON,ON
106.257,ON,DETECTED,ON,ON
106.509,ON,DETECTED,ON,ON
106.761,ON,DETECTED,ON,ON
107.013,ON,DETECTED,ON,ON
107.265,ON,DETECTED,ON,ON
107.517,ON,DETECTED,ON,ON
107.77,ON,DETECTED,ON,ON
108.022,ON,DETECTED,ON,ON
108.275,ON,DETECTED,ON,ON
108.527,ON,DETECTED,ON,ON
108.779,ON,DETECTED,ON,ON
109.031,ON,DETECTED,ON,ON
109.283,ON,DETECTED,ON,ON
109.534,ON,DETECTED,ON,ON
109.787,ON,DETECTED,ON,ON
110.04,ON,DETECTED,ON,ON
110.291,ON,DETECTED,ON,ON
110.544,ON,DETECTED,ON,ON
110.796,ON,DETECTED,ON,ON
111.049,ON,DETECTED,ON,ON
111.301,ON,DETECTED,ON,ON
111.553,ON,DETECTED,ON,ON
111.805,ON,DETECTED,ON,ON
112.058,ON,DETECTED,ON,ON
112.31,ON,DETECTED,ON,ON
112.563,ON,DETECTED,ON,ON
112.815,ON,DETECTED,ON,ON
113.068,ON,DETECTED,ON,ON
113.32,ON,DETECTED,ON,ON
113.572,ON,DETECTED,ON,ON
113.824,ON,DETECTED,ON,ON
114.077,ON,DETECTED,ON,ON
114.33,ON,DETECTED,ON,ON
114.582,ON,DETECTED,ON,ON
114.835,ON,DETECTED,ON,ON
115.087,ON,DETECTED,ON,ON
115.339,ON,DETECTED,ON,ON
115.592,ON,DETECTED,ON,ON
115.844,ON,DETECTED,ON,ON
116.097,ON,DETECTED,ON,ON
116.349,ON,DETECTED,ON,ON
116.601,ON,DETECTED,ON,ON
116.854,ON,DETECTED,ON,ON
117.106,ON,DETECTED,ON,ON
117.358,ON,DETECTED,ON,ON
117.611,ON,DETECTED,ON,ON
117.864,ON,DETECTED,ON,ON
118.116,ON,DETECTED,ON,ON
118.368,ON,DETECTED,ON,ON
118.62,ON,DETECTED,ON,ON
118.872,ON,DETECTED,ON,ON
119.124,ON,DETECTED,ON,ON
119.377,ON,DETECTED,ON,ON
119.629,ON,DETECTED,ON,ON
119.881,ON,DETECTED,ON,ON
120.134,ON,DETECTED,ON,ON
120.386,ON,DETECTED,ON,ON
120.639,ON,DETECTED,ON,ON
120.892,ON,DETECTED,ON,ON
121.144,ON,DETECTED,ON,ON
121.396,ON,DETECTED,ON,ON
121.648,ON,DETECTED,ON,ON
121.9,ON,DETECTED,ON,ON
122.152,ON,DETECTED,ON,ON
122.404,ON,DETECTED,ON,ON
122.657,ON,DETECTED,ON,ON
122.909,ON,DETECTED,ON,ON
123.161,ON,DETECTED,ON,ON
123.413,ON,DETECTED,ON,ON
123.666,ON,DETECTED,ON,ON
123.918,ON,DETECTED,ON,ON
124.171,ON,DETECTED,ON,ON
124.423,ON,DETECTED,ON,ON
124.675,ON,DETECTED,ON,ON
124.927,ON,DETECTED,ON,ON
125.179,ON,DETECTED,ON,ON
125.431,ON,DETECTED,ON,ON
125.684,ON,DETECTED,ON,ON
125.936,ON,DETECTED,ON,ON
126.189,ON,DETECTED,ON,ON
126.441,ON,DETECTED,ON,ON
126.693,ON,DETECTED,ON,ON
126.946,ON,DETECTED,ON,ON
127.199,ON,DETECTED,ON,ON
127.451,ON,DETECTED,ON,ON
127.704,ON,DETECTED,ON,ON
127.956,ON,DETECTED,ON,ON
128.209,ON,DETECTED,ON,ON
128.461,ON,DETECTED,ON,ON
128.714,ON,DETECTED,ON,ON
128.966,ON,DETECTED,ON,ON
129.218,ON,DETECTED,ON,ON
129.471,ON,DETECTED,ON,ON
129.723,ON,DETECTED,ON,ON
129.976,ON,DETECTED,ON,ON
130.228,ON,DETECTED,ON,ON
130.481,ON,DETECTED,ON,ON
130.734,ON,DETECTED,ON,ON
130.986,ON,DETECTED,ON,ON
131.239,ON,DETECTED,ON,ON
131.491,ON,DETECTED,ON,ON
131.743,ON,DETECTED,ON,ON
131.995,ON,DETECTED,ON,ON
132.248,ON,DETECTED,ON,ON
